fold,feature,mean,std
0,prior_attempts_5m,1.4356505401596993,2.2622759492941915
0,prior_attempts_1h,1.6972757162987318,2.4089132700579485
0,prior_attempts_24h,1.8104744011272897,2.4851947250944417
0,prior_attempts_7d,2.7249882573978392,3.645398025941591
0,prospective_requests_10s,1.5981681540629404,1.3173340394458277
0,prospective_requests_60s,2.0885392202912167,2.2247260173932824
0,distinct_cards_5m,1.610145608266792,1.1142025982962012
0,distinct_cards_1h,1.6984499765147958,1.1685336687037695
0,distinct_cards_24h,1.7470643494598403,1.2113499250478277
0,distinct_cards_7d,2.0246594645373417,1.5777114134902364
0,distinct_bins_5m,1.253640206669798,0.5427612298192734
0,distinct_bins_24h,1.3046031000469704,0.5828029964617316
0,cross_session_cards_24h,1.0563644903710663,0.36024960753632823
0,cross_session_cards_7d,1.3959605448567403,1.0807659740949753
0,prior_decline_streak,0.6449037106622828,1.0736441986457776
0,prior_decline_ratio_5m,0.2999800021136684,0.40421731068657035
0,prior_decline_ratio_24h,0.3468506000469704,0.4092420935049575
0,attempts_before_first_approval,0.6815406294034758,1.1118099968004704
0,attempts_after_first_approval,1.6031000469704086,3.04400576955102
0,seconds_since_previous_authorization,17098.151714419917,55820.4840806649
0,device_age_seconds,51339.00939408173,115321.26224970738
0,session_age_seconds,123.65852512916862,284.3828786704422
0,seconds_since_previous_session,38160.25364020667,79343.25224341628
0,sessions_24h,1.0194927195866603,0.13826511922173573
0,sessions_7d,1.292625645843119,0.6129501448144582
0,ip_changes_24h,0.25246594645373416,0.5246113604666894
0,devices_per_ip_5m,1.000939408172851,0.030638964597186423
0,requests_per_ip_5m,1.8149365899483325,1.1782790683065378
0,same_card_retry_ratio_24h,0.22398684335368718,0.3769972387056102
0,card_switches_after_decline_24h,0.3929074682949742,0.9200690659420512
0,current_amount,10.000934711131986,8.032524650576624
0,amount_delta_from_previous,-0.04135744480976982,9.033721823636032
0,amount_variation_24h,2.0520888715359322,3.7325645963554956
0,near_minimum_ratio_24h,0.04103700986378582,0.13782591444654368
0,prior_successful_checkouts,0.06176608736496007,0.26313532087607905
0,seconds_since_successful_checkout,9977.188351338657,45101.72241247018
0,campaign_active,0.23860967590418036,0.4262836793262091
1,prior_attempts_5m,1.4421516345930907,2.2879360565976357
1,prior_attempts_1h,1.7011361001623,2.41985469830838
1,prior_attempts_24h,1.905170415024345,2.7008474027406213
1,prior_attempts_7d,2.909343844191978,4.21097034027206
1,prospective_requests_10s,1.5358219336888477,1.2452800974723444
1,prospective_requests_60s,2.0598191514027357,2.166780240175662
1,distinct_cards_5m,1.6139578019939718,1.1563970400231869
1,distinct_cards_1h,1.7083236726176676,1.218582084208469
1,distinct_cards_24h,1.7871551124507303,1.3387863478753315
1,distinct_cards_7d,2.118247159749594,1.9089729259074888
1,distinct_bins_5m,1.2267563181080454,0.5173771445168835
1,distinct_bins_24h,1.2858798979828425,0.5807898158951179
1,cross_session_cards_24h,1.094829584975655,0.572283187985359
1,cross_session_cards_7d,1.497101785300255,1.4152146506782965
1,prior_decline_streak,0.6733132390447484,1.1319178515617416
1,prior_decline_ratio_5m,0.3094400992348713,0.4063296869926739
1,prior_decline_ratio_24h,0.3501074817992117,0.40669481404525604
1,attempts_before_first_approval,0.6628796661256666,1.0907167558110302
1,attempts_after_first_approval,1.79874797124971,3.648941736661757
1,seconds_since_previous_authorization,17941.28611175516,57260.2432783041
1,device_age_seconds,54550.43983306283,118895.26249299607
1,session_age_seconds,128.7741711105959,296.7013625274809
1,seconds_since_previous_session,39361.59795965685,79664.88669646198
1,sessions_24h,1.025272432181776,0.15696958044952417
1,sessions_7d,1.3130071875724554,0.6329394234236299
1,ip_changes_24h,0.27475075353582196,0.5713109369706116
1,devices_per_ip_5m,1.0013911430558775,0.03727639936160227
1,requests_per_ip_5m,1.81613725944818,1.194762539065706
1,same_card_retry_ratio_24h,0.22385372594481803,0.3780141709457692
1,card_switches_after_decline_24h,0.4400649200092743,1.0571293415490872
1,current_amount,9.65066543009506,7.65975911749127
1,amount_delta_from_previous,0.008325991189427326,8.058000258239892
1,amount_variation_24h,1.7803641003941575,3.1381689854948993
1,near_minimum_ratio_24h,0.04713488244841178,0.1480863513653757
1,prior_successful_checkouts,0.0677022953860422,0.27589915818773403
1,seconds_since_successful_checkout,10750.15001159286,46459.516171382245
1,campaign_active,0.23950846278692325,0.42683298872584285
2,prior_attempts_5m,1.4002341920374708,2.1929100478174393
2,prior_attempts_1h,1.6611241217798596,2.3490575456110157
2,prior_attempts_24h,1.81615925058548,2.5169691145252036
2,prior_attempts_7d,2.811241217798595,3.9214547744168953
2,prospective_requests_10s,1.5723653395784543,1.2935448062835937
2,prospective_requests_60s,2.0407494145199063,2.094897235036301
2,distinct_cards_5m,1.6070257611241219,1.1039431048818507
2,distinct_cards_1h,1.7166276346604215,1.1846523259050399
2,distinct_cards_24h,1.7798594847775175,1.2831747124342794
2,distinct_cards_7d,2.11288056206089,1.8360788808895425
2,distinct_bins_5m,1.2442622950819673,0.5403022731004595
2,distinct_bins_24h,1.300936768149883,0.6045614563015055
2,cross_session_cards_24h,1.0770491803278688,0.4780618958995902
2,cross_session_cards_7d,1.4929742388758782,1.380289012342492
2,prior_decline_streak,0.6320843091334895,1.0913965867817979
2,prior_decline_ratio_5m,0.29437710515222487,0.40082590595147544
2,prior_decline_ratio_24h,0.3376437756440281,0.40553316242660753
2,attempts_before_first_approval,0.6559718969555035,1.073501910564606
2,attempts_after_first_approval,1.717096018735363,3.4363418146203797
2,seconds_since_previous_authorization,17636.186651053864,57158.52634638576
2,device_age_seconds,54531.19367681499,119606.67360531664
2,session_age_seconds,124.11077283372366,284.38353583963425
2,seconds_since_previous_session,39854.22529274005,80946.96274398184
2,sessions_24h,1.0208430913348947,0.142875601636633
2,sessions_7d,1.3051522248243559,0.6245891882109006
2,ip_changes_24h,0.27002341920374706,0.5593522249967603
2,devices_per_ip_5m,1.0021077283372366,0.045866965309117706
2,requests_per_ip_5m,1.7997658079625294,1.168193268765903
2,same_card_retry_ratio_24h,0.21519549906323185,0.37132275911768853
2,card_switches_after_decline_24h,0.3845433255269321,0.9117257362297717
2,current_amount,10.210152224824355,8.333959953030988
2,amount_delta_from_previous,0.03871194379391101,8.900632369348875
2,amount_variation_24h,1.9764680822014054,3.6926092713965706
2,near_minimum_ratio_24h,0.036323400468384066,0.13279549445453526
2,prior_successful_checkouts,0.06346604215456675,0.2685169626586828
2,seconds_since_successful_checkout,10231.508665105386,46239.0345855673
2,campaign_active,0.24215456674473068,0.42843753400018686
3,prior_attempts_5m,1.3870352716873213,2.182247953560179
3,prior_attempts_1h,1.6568160152526215,2.341001846492945
3,prior_attempts_24h,1.8014775977121067,2.4545271271859233
3,prior_attempts_7d,2.6792183031458534,3.660510780514551
3,prospective_requests_10s,1.4864156339370829,1.2110167411519452
3,prospective_requests_60s,1.963298379408961,2.0003782687829483
3,distinct_cards_5m,1.5395614871306005,1.0094231578450528
3,distinct_cards_1h,1.6356053384175404,1.0818516509310643
3,distinct_cards_24h,1.6939942802669208,1.158179560399419
3,distinct_cards_7d,1.9525738798856054,1.5191712659942143
3,distinct_bins_5m,1.2063870352716872,0.47267877786634865
3,distinct_bins_24h,1.267397521448999,0.546738074650704
3,cross_session_cards_24h,1.0724499523355577,0.43174817586589265
3,cross_session_cards_7d,1.3996663489037178,1.1142975395503774
3,prior_decline_streak,0.6446615824594852,1.066243382629172
3,prior_decline_ratio_5m,0.2982492843183985,0.4011336261333694
3,prior_decline_ratio_24h,0.34875066444232605,0.40747675614515283
3,attempts_before_first_approval,0.6325071496663489,1.0154146888900657
3,attempts_after_first_approval,1.6089132507149666,3.180139000583616
3,seconds_since_previous_authorization,16403.44590085796,54842.94959026513
3,device_age_seconds,49792.97759771211,113238.89803120667
3,session_age_seconds,129.45233555767396,290.8172830587143
3,seconds_since_previous_session,36417.39013346044,77521.21448539227
3,sessions_24h,1.0195424213536701,0.13843800990397753
3,sessions_7d,1.2862249761677789,0.6120061782744728
3,ip_changes_24h,0.25714966634890374,0.5356282466373821
3,devices_per_ip_5m,1.0028598665395614,0.05340756019015381
3,requests_per_ip_5m,1.811725452812202,1.194471083742879
3,same_card_retry_ratio_24h,0.2361041003336511,0.38481807067904195
3,card_switches_after_decline_24h,0.3465204957102002,0.8386036409200303
3,current_amount,9.877261677788372,8.11740222242843
3,amount_delta_from_previous,0.009795042897998098,8.63132221344224
3,amount_variation_24h,1.9583877142516684,3.616385304561121
3,near_minimum_ratio_24h,0.04120640395614871,0.1402710704340603
3,prior_successful_checkouts,0.06744518589132507,0.2838157388756886
3,seconds_since_successful_checkout,10020.094137273594,43698.71738843685
3,campaign_active,0.24094375595805528,0.4277072123889619
4,prior_attempts_5m,1.3785166240409208,2.194166416705971
4,prior_attempts_1h,1.6517089049058358,2.3524484987837644
4,prior_attempts_24h,1.82817949314113,2.55579708794565
4,prior_attempts_7d,2.747500581260172,3.6630710724316704
4,prospective_requests_10s,1.5398744478028366,1.2533129615470417
4,prospective_requests_60s,2.0139502441292723,2.0944646307867796
4,distinct_cards_5m,1.55405719600093,1.0601318151838788
4,distinct_cards_1h,1.6600790513833992,1.1421150894154035
4,distinct_cards_24h,1.7456405487096025,1.2612038140333084
4,distinct_cards_7d,2.0265054638456172,1.637566144740533
4,distinct_bins_5m,1.2285514996512439,0.512706878459088
4,distinct_bins_24h,1.2950476633341084,0.5828128494595157
4,cross_session_cards_24h,1.101139269937224,0.5449566694055651
4,cross_session_cards_7d,1.4624505928853755,1.2120697050673654
4,prior_decline_streak,0.6914671006742618,1.1882737961248315
4,prior_decline_ratio_5m,0.3074800590560335,0.40835517459050874
4,prior_decline_ratio_24h,0.3523563362008835,0.4129589359874276
4,attempts_before_first_approval,0.7407579632643572,1.3054398821175948
4,attempts_after_first_approval,1.5696349686119506,3.007679872519399
4,seconds_since_previous_authorization,17848.719367588932,57302.927614901746
4,device_age_seconds,56753.18949081609,122231.65031793408
4,session_age_seconds,127.08928156242735,286.0641397081236
4,seconds_since_previous_session,40293.09137409904,81353.67024045571
4,sessions_24h,1.0241804231574052,0.15362687809257874
4,sessions_7d,1.3213206231109045,0.651284044570261
4,ip_changes_24h,0.27295977679609396,0.5472011708731748
4,devices_per_ip_5m,1.0013950244129273,0.03732830416074169
4,requests_per_ip_5m,1.7844687282027436,1.1437598657390176
4,same_card_retry_ratio_24h,0.23533891071843757,0.38655972615250234
4,card_switches_after_decline_24h,0.3824691932108812,0.9328423901832582
4,current_amount,9.672359916298536,7.645806398020521
4,amount_delta_from_previous,0.00017205301092768012,7.906783853162007
4,amount_variation_24h,1.7686009416414787,3.0647170130772836
4,near_minimum_ratio_24h,0.05023059800046501,0.1555281025109909
4,prior_successful_checkouts,0.06812369216461288,0.2816231021657039
4,seconds_since_successful_checkout,10980.991397349453,47321.43808564621
4,campaign_active,0.2443617763310858,0.42975811830637856
