left,right,pearson
prior_attempts_5m,prior_attempts_7d,0.64428278624
prior_attempts_5m,prospective_requests_10s,0.702319044065
prior_attempts_5m,prospective_requests_60s,0.896766857954
prior_attempts_5m,prior_decline_streak,0.338785578333
prior_attempts_5m,prior_decline_ratio_5m,0.486332926472
prior_attempts_5m,prior_decline_ratio_24h,0.407369770298
prior_attempts_5m,seconds_since_previous_authorization,-0.194639633624
prior_attempts_5m,session_age_seconds,-0.0400710100906
prior_attempts_5m,seconds_since_previous_session,-0.0876145462998
prior_attempts_5m,sessions_24h,-0.076881532255
prior_attempts_5m,sessions_7d,-0.113318112146
prior_attempts_5m,requests_per_ip_5m,0.623537423364
prior_attempts_5m,same_card_retry_ratio_24h,0.108589692402
prior_attempts_5m,prior_successful_checkouts,-0.115294661452
prior_attempts_5m,seconds_since_successful_checkout,-0.109772464066
prior_attempts_1h,prior_attempts_5m,0.93986605017
prior_attempts_1h,prior_attempts_24h,0.936415522706
prior_attempts_1h,prior_attempts_7d,0.696950455793
prior_attempts_1h,prospective_requests_10s,0.609736678178
prior_attempts_1h,prospective_requests_60s,0.791820209979
prior_attempts_1h,prior_decline_streak,0.362178421722
prior_attempts_1h,prior_decline_ratio_5m,0.472776083093
prior_attempts_1h,prior_decline_ratio_24h,0.43604132581
prior_attempts_1h,seconds_since_previous_authorization,-0.216047211876
prior_attempts_1h,session_age_seconds,0.206904166332
prior_attempts_1h,seconds_since_previous_session,-0.0522591006896
prior_attempts_1h,sessions_24h,-0.086821500638
prior_attempts_1h,sessions_7d,-0.0705586696169
prior_attempts_1h,requests_per_ip_5m,0.589675618728
prior_attempts_1h,same_card_retry_ratio_24h,0.12568156424
prior_attempts_1h,prior_successful_checkouts,-0.134693584114
prior_attempts_1h,seconds_since_successful_checkout,-0.128161145575
prior_attempts_24h,prior_attempts_5m,0.884190728359
prior_attempts_24h,prior_attempts_7d,0.759837890756
prior_attempts_24h,prospective_requests_10s,0.598400779178
prior_attempts_24h,prospective_requests_60s,0.754260351333
prior_attempts_24h,prior_decline_streak,0.366952337773
prior_attempts_24h,prior_decline_ratio_5m,0.443282631664
prior_attempts_24h,prior_decline_ratio_24h,0.436541971274
prior_attempts_24h,seconds_since_previous_authorization,-0.183678820484
prior_attempts_24h,session_age_seconds,0.184385818426
prior_attempts_24h,seconds_since_previous_session,-0.0115059308861
prior_attempts_24h,sessions_24h,0.0684978521042
prior_attempts_24h,sessions_7d,0.028292637949
prior_attempts_24h,requests_per_ip_5m,0.563283165459
prior_attempts_24h,same_card_retry_ratio_24h,0.119664050574
prior_attempts_24h,prior_successful_checkouts,-0.109771082928
prior_attempts_24h,seconds_since_successful_checkout,-0.1188100132
prior_attempts_7d,prospective_requests_10s,0.438054910352
prior_attempts_7d,prospective_requests_60s,0.551869500506
prior_attempts_7d,prior_decline_streak,0.352690547702
prior_attempts_7d,prior_decline_ratio_5m,0.307699982247
prior_attempts_7d,prior_decline_ratio_24h,0.345005171001
prior_attempts_7d,seconds_since_previous_authorization,0.0309302463713
prior_attempts_7d,session_age_seconds,0.234293117014
prior_attempts_7d,seconds_since_previous_session,0.449215250282
prior_attempts_7d,sessions_24h,0.0369025035922
prior_attempts_7d,sessions_7d,0.503873583499
prior_attempts_7d,requests_per_ip_5m,0.407102186351
prior_attempts_7d,same_card_retry_ratio_24h,0.056744333866
prior_attempts_7d,prior_successful_checkouts,-0.0224006715252
prior_attempts_7d,seconds_since_successful_checkout,-0.0284481696589
prospective_requests_10s,prospective_requests_60s,0.869503570794
prospective_requests_10s,seconds_since_previous_authorization,-0.13062105517
prospective_requests_10s,session_age_seconds,-0.169164673481
prospective_requests_10s,seconds_since_previous_session,-0.0653089611746
prospective_requests_10s,sessions_24h,-0.0393181091868
prospective_requests_10s,sessions_7d,-0.0786567381682
prospective_requests_10s,requests_per_ip_5m,0.463085535863
prospective_requests_10s,same_card_retry_ratio_24h,0.0329079488918
prospective_requests_10s,seconds_since_successful_checkout,-0.0930009110697
prospective_requests_60s,seconds_since_previous_authorization,-0.148723334304
prospective_requests_60s,session_age_seconds,-0.155811658779
prospective_requests_60s,seconds_since_previous_session,-0.0742593564077
prospective_requests_60s,sessions_24h,-0.0536296246498
prospective_requests_60s,sessions_7d,-0.0901530352189
prospective_requests_60s,requests_per_ip_5m,0.508208026286
prospective_requests_60s,same_card_retry_ratio_24h,0.0350479742379
prospective_requests_60s,seconds_since_successful_checkout,-0.0965046768117
distinct_cards_5m,prior_attempts_5m,0.856933393614
distinct_cards_5m,prior_attempts_1h,0.825530530262
distinct_cards_5m,prior_attempts_24h,0.791342930726
distinct_cards_5m,prior_attempts_7d,0.659519353026
distinct_cards_5m,prospective_requests_10s,0.606347265682
distinct_cards_5m,prospective_requests_60s,0.76741422424
distinct_cards_5m,distinct_cards_7d,0.735318219627
distinct_cards_5m,prior_decline_streak,0.279477676577
distinct_cards_5m,prior_decline_ratio_5m,0.388536442028
distinct_cards_5m,prior_decline_ratio_24h,0.320800679414
distinct_cards_5m,seconds_since_previous_authorization,-0.164862576972
distinct_cards_5m,session_age_seconds,-0.0099227791837
distinct_cards_5m,seconds_since_previous_session,-0.000189670291173
distinct_cards_5m,sessions_24h,-0.0638018795666
distinct_cards_5m,sessions_7d,-0.0285505333763
distinct_cards_5m,ip_changes_24h,0.549352393552
distinct_cards_5m,requests_per_ip_5m,0.524265631812
distinct_cards_5m,same_card_retry_ratio_24h,-0.146735608172
distinct_cards_5m,near_minimum_ratio_24h,0.183756414391
distinct_cards_5m,prior_successful_checkouts,-0.095633147636
distinct_cards_5m,seconds_since_successful_checkout,-0.0916477170183
distinct_cards_5m,prior_attempts_14d,0.655717456132
distinct_cards_5m,ip_rotation_ratio_24h,0.507996169239
distinct_cards_1h,prior_attempts_5m,0.796415573357
distinct_cards_1h,prior_attempts_1h,0.85032998819
distinct_cards_1h,prior_attempts_24h,0.812018183999
distinct_cards_1h,prior_attempts_7d,0.702791147743
distinct_cards_1h,prospective_requests_10s,0.532949592866
distinct_cards_1h,prospective_requests_60s,0.683298073484
distinct_cards_1h,distinct_cards_5m,0.944936778482
distinct_cards_1h,distinct_cards_24h,0.941816477351
distinct_cards_1h,distinct_cards_7d,0.790132041856
distinct_cards_1h,prior_decline_streak,0.298241763375
distinct_cards_1h,prior_decline_ratio_5m,0.364336358554
distinct_cards_1h,prior_decline_ratio_24h,0.340956879403
distinct_cards_1h,seconds_since_previous_authorization,-0.180551437913
distinct_cards_1h,session_age_seconds,0.193019631282
distinct_cards_1h,seconds_since_previous_session,0.0542176319051
distinct_cards_1h,sessions_24h,-0.0704885035155
distinct_cards_1h,sessions_7d,0.0392361849084
distinct_cards_1h,ip_changes_24h,0.551259103092
distinct_cards_1h,requests_per_ip_5m,0.484758947886
distinct_cards_1h,same_card_retry_ratio_24h,-0.159758920966
distinct_cards_1h,near_minimum_ratio_24h,0.201200345678
distinct_cards_1h,prior_successful_checkouts,-0.11024235682
distinct_cards_1h,seconds_since_successful_checkout,-0.105459355319
distinct_cards_1h,prior_attempts_14d,0.699779038702
distinct_cards_1h,ip_rotation_ratio_24h,0.517326391484
distinct_cards_24h,prior_attempts_5m,0.744696212522
distinct_cards_24h,prior_attempts_1h,0.791817283718
distinct_cards_24h,prior_attempts_24h,0.860810324488
distinct_cards_24h,prior_attempts_7d,0.751156717096
distinct_cards_24h,prospective_requests_10s,0.519462605405
distinct_cards_24h,prospective_requests_60s,0.646899479489
distinct_cards_24h,distinct_cards_5m,0.892013660115
distinct_cards_24h,distinct_cards_7d,0.837505441251
distinct_cards_24h,prior_decline_streak,0.306946799746
distinct_cards_24h,prior_decline_ratio_5m,0.341622197763
distinct_cards_24h,prior_decline_ratio_24h,0.342254638071
distinct_cards_24h,seconds_since_previous_authorization,-0.15292852246
distinct_cards_24h,session_age_seconds,0.172683308336
distinct_cards_24h,seconds_since_previous_session,0.0821564245617
distinct_cards_24h,sessions_24h,0.0509477646364
distinct_cards_24h,sessions_7d,0.123712437317
distinct_cards_24h,ip_changes_24h,0.650171335251
distinct_cards_24h,requests_per_ip_5m,0.460136473325
distinct_cards_24h,same_card_retry_ratio_24h,-0.163402530201
distinct_cards_24h,near_minimum_ratio_24h,0.205697158649
distinct_cards_24h,prior_successful_checkouts,-0.0935449286048
distinct_cards_24h,seconds_since_successful_checkout,-0.0999812312297
distinct_cards_24h,prior_attempts_14d,0.747884994092
distinct_cards_24h,ip_rotation_ratio_24h,0.568271690964
distinct_cards_7d,prior_attempts_5m,0.573763728163
distinct_cards_7d,prior_attempts_1h,0.619174501248
distinct_cards_7d,prior_attempts_24h,0.676453853377
distinct_cards_7d,prior_attempts_7d,0.904963052064
distinct_cards_7d,prospective_requests_10s,0.40390356856
distinct_cards_7d,prospective_requests_60s,0.501617257264
distinct_cards_7d,prior_decline_streak,0.309727298454
distinct_cards_7d,prior_decline_ratio_5m,0.254469069063
distinct_cards_7d,prior_decline_ratio_24h,0.281867830051
distinct_cards_7d,seconds_since_previous_authorization,0.0191086369842
distinct_cards_7d,session_age_seconds,0.197312495351
distinct_cards_7d,seconds_since_previous_session,0.393584676836
distinct_cards_7d,sessions_24h,0.0277837439846
distinct_cards_7d,sessions_7d,0.448859761212
distinct_cards_7d,ip_changes_24h,0.568429913546
distinct_cards_7d,requests_per_ip_5m,0.354018590407
distinct_cards_7d,same_card_retry_ratio_24h,-0.137822631841
distinct_cards_7d,near_minimum_ratio_24h,0.186543858382
distinct_cards_7d,prior_successful_checkouts,-0.0408889073229
distinct_cards_7d,seconds_since_successful_checkout,-0.0451017314642
distinct_cards_7d,prior_attempts_14d,0.904615933639
distinct_cards_7d,ip_rotation_ratio_24h,0.457498516548
distinct_bins_5m,prior_attempts_5m,0.714658244775
distinct_bins_5m,prior_attempts_1h,0.693111864074
distinct_bins_5m,prior_attempts_24h,0.676565993435
distinct_bins_5m,prior_attempts_7d,0.63530132044
distinct_bins_5m,prospective_requests_10s,0.521425464267
distinct_bins_5m,prospective_requests_60s,0.648724339533
distinct_bins_5m,distinct_cards_5m,0.850328582623
distinct_bins_5m,distinct_cards_1h,0.814026905109
distinct_bins_5m,distinct_cards_24h,0.780354158541
distinct_bins_5m,distinct_cards_7d,0.689783119542
distinct_bins_5m,prior_decline_streak,0.244910843338
distinct_bins_5m,prior_decline_ratio_5m,0.322270999788
distinct_bins_5m,prior_decline_ratio_24h,0.264500703407
distinct_bins_5m,seconds_since_previous_authorization,-0.137600943817
distinct_bins_5m,session_age_seconds,-0.00675240372283
distinct_bins_5m,seconds_since_previous_session,0.0639082432928
distinct_bins_5m,sessions_24h,-0.0490479704171
distinct_bins_5m,sessions_7d,0.0378362026533
distinct_bins_5m,ip_changes_24h,0.491345289153
distinct_bins_5m,requests_per_ip_5m,0.428039533084
distinct_bins_5m,same_card_retry_ratio_24h,-0.130839550077
distinct_bins_5m,near_minimum_ratio_24h,0.155427129301
distinct_bins_5m,prior_successful_checkouts,-0.0794431097151
distinct_bins_5m,seconds_since_successful_checkout,-0.080500424768
distinct_bins_5m,prior_attempts_14d,0.631956039341
distinct_bins_5m,distinct_cards_14d,0.688732750738
distinct_bins_5m,ip_rotation_ratio_24h,0.453116485537
distinct_bins_24h,prior_attempts_5m,0.627867718983
distinct_bins_24h,prior_attempts_1h,0.662683373291
distinct_bins_24h,prior_attempts_24h,0.722217192159
distinct_bins_24h,prior_attempts_7d,0.705901452487
distinct_bins_24h,prospective_requests_10s,0.45331685666
distinct_bins_24h,prospective_requests_60s,0.557134181251
distinct_bins_24h,distinct_cards_5m,0.763388220104
distinct_bins_24h,distinct_cards_1h,0.80791466358
distinct_bins_24h,distinct_cards_24h,0.858359126878
distinct_bins_24h,distinct_cards_7d,0.772332110567
distinct_bins_24h,distinct_bins_5m,0.89315992395
distinct_bins_24h,prior_decline_streak,0.268057925229
distinct_bins_24h,prior_decline_ratio_5m,0.281201643704
distinct_bins_24h,prior_decline_ratio_24h,0.284421742896
distinct_bins_24h,seconds_since_previous_authorization,-0.127586375847
distinct_bins_24h,session_age_seconds,0.143334522583
distinct_bins_24h,seconds_since_previous_session,0.131702091275
distinct_bins_24h,sessions_24h,0.0310219078208
distinct_bins_24h,sessions_7d,0.171072962232
distinct_bins_24h,ip_changes_24h,0.561917231077
distinct_bins_24h,requests_per_ip_5m,0.376385720032
distinct_bins_24h,same_card_retry_ratio_24h,-0.147087873173
distinct_bins_24h,near_minimum_ratio_24h,0.17958809269
distinct_bins_24h,prior_successful_checkouts,-0.0790563663613
distinct_bins_24h,seconds_since_successful_checkout,-0.0880965672348
distinct_bins_24h,prior_attempts_14d,0.703493771485
distinct_bins_24h,distinct_cards_14d,0.771475422203
distinct_bins_24h,ip_rotation_ratio_24h,0.490986916599
cross_session_cards_24h,prior_attempts_5m,0.0406349728062
cross_session_cards_24h,prior_attempts_1h,0.0327367718394
cross_session_cards_24h,prior_attempts_24h,0.350578959204
cross_session_cards_24h,prior_attempts_7d,0.327089454038
cross_session_cards_24h,prospective_requests_10s,0.0953291915648
cross_session_cards_24h,prospective_requests_60s,0.0602786130233
cross_session_cards_24h,distinct_cards_5m,0.0816593761126
cross_session_cards_24h,distinct_cards_1h,0.0797516705157
cross_session_cards_24h,distinct_cards_24h,0.398501612591
cross_session_cards_24h,distinct_cards_7d,0.331912870561
cross_session_cards_24h,distinct_bins_5m,0.110325066263
cross_session_cards_24h,distinct_bins_24h,0.343938944762
cross_session_cards_24h,cross_session_cards_7d,0.444134769894
cross_session_cards_24h,prior_decline_streak,0.0960345725452
cross_session_cards_24h,prior_decline_ratio_5m,0.0239304186651
cross_session_cards_24h,prior_decline_ratio_24h,0.0819627271343
cross_session_cards_24h,seconds_since_previous_authorization,0.0286116879061
cross_session_cards_24h,device_age_seconds,0.124843112181
cross_session_cards_24h,session_age_seconds,-0.00784188886847
cross_session_cards_24h,seconds_since_previous_session,0.0992119401706
cross_session_cards_24h,sessions_24h,0.319064782126
cross_session_cards_24h,sessions_7d,0.267949938717
cross_session_cards_24h,ip_changes_24h,0.436362558636
cross_session_cards_24h,devices_per_ip_5m,-0.00459882696611
cross_session_cards_24h,requests_per_ip_5m,0.0490609151206
cross_session_cards_24h,same_card_retry_ratio_24h,-0.0511931568433
cross_session_cards_24h,current_amount,-0.0207757460292
cross_session_cards_24h,near_minimum_ratio_24h,0.0594372141318
cross_session_cards_24h,prior_successful_checkouts,0.0257829985502
cross_session_cards_24h,seconds_since_successful_checkout,-0.00765098804884
cross_session_cards_24h,prior_attempts_14d,0.325597617426
cross_session_cards_24h,distinct_cards_14d,0.331480629587
cross_session_cards_24h,ip_rotation_ratio_24h,0.279489882994
cross_session_cards_7d,prior_attempts_5m,0.097434104557
cross_session_cards_7d,prior_attempts_1h,0.118620280874
cross_session_cards_7d,prior_attempts_24h,0.246769071246
cross_session_cards_7d,prior_attempts_7d,0.745205270179
cross_session_cards_7d,prospective_requests_10s,0.0966634889125
cross_session_cards_7d,prospective_requests_60s,0.0973834783458
cross_session_cards_7d,distinct_cards_5m,0.218230281217
cross_session_cards_7d,distinct_cards_1h,0.260086106133
cross_session_cards_7d,distinct_cards_24h,0.384072477492
cross_session_cards_7d,distinct_cards_7d,0.77875542307
cross_session_cards_7d,distinct_bins_5m,0.298046448619
cross_session_cards_7d,distinct_bins_24h,0.430984243872
cross_session_cards_7d,prior_decline_streak,0.181743468877
cross_session_cards_7d,prior_decline_ratio_5m,0.0326414884557
cross_session_cards_7d,prior_decline_ratio_24h,0.104816553061
cross_session_cards_7d,seconds_since_previous_authorization,0.172736196472
cross_session_cards_7d,device_age_seconds,0.642163374075
cross_session_cards_7d,session_age_seconds,0.146317445878
cross_session_cards_7d,seconds_since_previous_session,0.605733314705
cross_session_cards_7d,sessions_24h,0.102515360596
cross_session_cards_7d,sessions_7d,0.68772556018
cross_session_cards_7d,ip_changes_24h,0.324495022518
cross_session_cards_7d,devices_per_ip_5m,-0.00509209755826
cross_session_cards_7d,requests_per_ip_5m,0.0676136751956
cross_session_cards_7d,same_card_retry_ratio_24h,-0.0624190582164
cross_session_cards_7d,current_amount,-0.0475392945304
cross_session_cards_7d,near_minimum_ratio_24h,0.0897306377812
cross_session_cards_7d,prior_successful_checkouts,0.0475462215795
cross_session_cards_7d,seconds_since_successful_checkout,0.0369189909173
cross_session_cards_7d,prior_attempts_14d,0.747471669225
cross_session_cards_7d,distinct_cards_14d,0.779392120677
cross_session_cards_7d,ip_rotation_ratio_24h,0.195342014996
prior_decline_streak,prospective_requests_10s,0.194879343841
prior_decline_streak,prospective_requests_60s,0.24906797276
prior_decline_streak,seconds_since_previous_authorization,-0.0292012532741
prior_decline_streak,session_age_seconds,0.175900274107
prior_decline_streak,seconds_since_previous_session,0.118529755894
prior_decline_streak,sessions_24h,-0.00720779993113
prior_decline_streak,sessions_7d,0.152450097047
prior_decline_streak,requests_per_ip_5m,0.33960305667
prior_decline_streak,same_card_retry_ratio_24h,0.235479541961
prior_decline_streak,prior_successful_checkouts,-0.0625760748962
prior_decline_streak,seconds_since_successful_checkout,-0.05284901801
prior_decline_ratio_5m,prospective_requests_10s,0.287093071749
prior_decline_ratio_5m,prospective_requests_60s,0.346238085711
prior_decline_ratio_5m,prior_decline_streak,0.591218876723
prior_decline_ratio_5m,seconds_since_previous_authorization,-0.229303745969
prior_decline_ratio_5m,session_age_seconds,0.00565898387779
prior_decline_ratio_5m,seconds_since_previous_session,-0.091132162263
prior_decline_ratio_5m,sessions_24h,-0.0816544470526
prior_decline_ratio_5m,sessions_7d,-0.11923330386
prior_decline_ratio_5m,requests_per_ip_5m,0.580750414207
prior_decline_ratio_5m,same_card_retry_ratio_24h,0.440958670684
prior_decline_ratio_5m,prior_successful_checkouts,-0.0419260548043
prior_decline_ratio_5m,seconds_since_successful_checkout,-0.0397169674991
prior_decline_ratio_24h,prospective_requests_10s,0.235179874795
prior_decline_ratio_24h,prospective_requests_60s,0.286717659211
prior_decline_ratio_24h,prior_decline_streak,0.660447726099
prior_decline_ratio_24h,prior_decline_ratio_5m,0.864658564511
prior_decline_ratio_24h,seconds_since_previous_authorization,-0.22358817446
prior_decline_ratio_24h,session_age_seconds,0.248965803142
prior_decline_ratio_24h,seconds_since_previous_session,0.0119745969804
prior_decline_ratio_24h,sessions_24h,0.00410713925974
prior_decline_ratio_24h,sessions_7d,0.0362556792179
prior_decline_ratio_24h,requests_per_ip_5m,0.495024049371
prior_decline_ratio_24h,same_card_retry_ratio_24h,0.501737711804
prior_decline_ratio_24h,prior_successful_checkouts,-0.0662430360543
prior_decline_ratio_24h,seconds_since_successful_checkout,-0.063062145188
attempts_before_first_approval,prior_attempts_5m,0.330604765222
attempts_before_first_approval,prior_attempts_1h,0.348568786355
attempts_before_first_approval,prior_attempts_24h,0.36584485274
attempts_before_first_approval,prior_attempts_7d,0.373820503771
attempts_before_first_approval,prospective_requests_10s,0.213505795173
attempts_before_first_approval,prospective_requests_60s,0.25864515496
attempts_before_first_approval,distinct_cards_5m,0.294334787825
attempts_before_first_approval,distinct_cards_1h,0.307982463381
attempts_before_first_approval,distinct_cards_24h,0.316010362411
attempts_before_first_approval,distinct_cards_7d,0.333403556406
attempts_before_first_approval,distinct_bins_5m,0.26829292571
attempts_before_first_approval,distinct_bins_24h,0.282692457992
attempts_before_first_approval,cross_session_cards_24h,0.11357652018
attempts_before_first_approval,cross_session_cards_7d,0.216433287966
attempts_before_first_approval,prior_decline_streak,0.491472010448
attempts_before_first_approval,prior_decline_ratio_5m,0.500243821842
attempts_before_first_approval,prior_decline_ratio_24h,0.561642033689
attempts_before_first_approval,seconds_since_previous_authorization,0.00603281936022
attempts_before_first_approval,device_age_seconds,0.15602785507
attempts_before_first_approval,session_age_seconds,0.152781309882
attempts_before_first_approval,seconds_since_previous_session,0.148484584534
attempts_before_first_approval,sessions_24h,0.00563879974021
attempts_before_first_approval,sessions_7d,0.173090780939
attempts_before_first_approval,ip_changes_24h,0.224139797416
attempts_before_first_approval,devices_per_ip_5m,0.00403299779106
attempts_before_first_approval,requests_per_ip_5m,0.332624737568
attempts_before_first_approval,same_card_retry_ratio_24h,0.230123655396
attempts_before_first_approval,card_switches_after_decline_24h,0.347242109148
attempts_before_first_approval,current_amount,-0.0256117046216
attempts_before_first_approval,near_minimum_ratio_24h,0.100722976469
attempts_before_first_approval,prior_successful_checkouts,-0.00929508274021
attempts_before_first_approval,seconds_since_successful_checkout,-0.008431664637
attempts_before_first_approval,campaign_active,-0.0100911734313
attempts_before_first_approval,prior_attempts_14d,0.374461916717
attempts_before_first_approval,distinct_cards_14d,0.333862218907
attempts_before_first_approval,ip_rotation_ratio_24h,0.155918012596
attempts_before_first_approval,checkout_completion_lag_seconds,-0.0065480554903
attempts_before_first_approval,checkout_completion_lag_available,-0.00993434282059
attempts_after_first_approval,prior_attempts_5m,0.564019881197
attempts_after_first_approval,prior_attempts_1h,0.609291121051
attempts_after_first_approval,prior_attempts_24h,0.672725377321
attempts_after_first_approval,prior_attempts_7d,0.945963082788
attempts_after_first_approval,prospective_requests_10s,0.381603972832
attempts_after_first_approval,prospective_requests_60s,0.492481307011
attempts_after_first_approval,distinct_cards_5m,0.59933117982
attempts_after_first_approval,distinct_cards_1h,0.638403298479
attempts_after_first_approval,distinct_cards_24h,0.689384559324
attempts_after_first_approval,distinct_cards_7d,0.861049987259
attempts_after_first_approval,distinct_bins_5m,0.590127636719
attempts_after_first_approval,distinct_bins_24h,0.660223816467
attempts_after_first_approval,cross_session_cards_24h,0.316914838898
attempts_after_first_approval,cross_session_cards_7d,0.745941833773
attempts_after_first_approval,prior_decline_streak,0.227578923885
attempts_after_first_approval,prior_decline_ratio_5m,0.17113080369
attempts_after_first_approval,prior_decline_ratio_24h,0.188860200477
attempts_after_first_approval,attempts_before_first_approval,0.0755383369265
attempts_after_first_approval,seconds_since_previous_authorization,-0.00541631704227
attempts_after_first_approval,device_age_seconds,0.440045305081
attempts_after_first_approval,session_age_seconds,0.178305603741
attempts_after_first_approval,seconds_since_previous_session,0.409956853752
attempts_after_first_approval,sessions_24h,0.0188660408427
attempts_after_first_approval,sessions_7d,0.465516721919
attempts_after_first_approval,ip_changes_24h,0.587476453111
attempts_after_first_approval,devices_per_ip_5m,-0.00977549206465
attempts_after_first_approval,requests_per_ip_5m,0.305019456404
attempts_after_first_approval,same_card_retry_ratio_24h,-0.0313034075341
attempts_after_first_approval,card_switches_after_decline_24h,0.557060522094
attempts_after_first_approval,current_amount,-0.0796563700814
attempts_after_first_approval,near_minimum_ratio_24h,0.174905505554
attempts_after_first_approval,prior_successful_checkouts,-0.0638932868192
attempts_after_first_approval,seconds_since_successful_checkout,-0.0691778170132
attempts_after_first_approval,campaign_active,-0.138226527121
attempts_after_first_approval,prior_attempts_14d,0.946730046178
attempts_after_first_approval,distinct_cards_14d,0.861344264294
attempts_after_first_approval,ip_rotation_ratio_24h,0.460711522063
attempts_after_first_approval,checkout_completion_lag_seconds,-0.0704097045232
attempts_after_first_approval,checkout_completion_lag_available,-0.0776614981169
seconds_since_previous_authorization,session_age_seconds,-0.131574509639
seconds_since_previous_authorization,seconds_since_previous_session,0.628201395786
seconds_since_previous_authorization,sessions_24h,0.146879356061
seconds_since_previous_authorization,sessions_7d,0.506422323909
seconds_since_previous_authorization,seconds_since_successful_checkout,0.549732768054
device_age_seconds,prior_attempts_5m,-0.10935983169
device_age_seconds,prior_attempts_1h,-0.0668060310117
device_age_seconds,prior_attempts_24h,-0.021522448741
device_age_seconds,prior_attempts_7d,0.465544874968
device_age_seconds,prospective_requests_10s,-0.0780390605901
device_age_seconds,prospective_requests_60s,-0.0900510092535
device_age_seconds,distinct_cards_5m,-0.0299641825093
device_age_seconds,distinct_cards_1h,0.0356510203817
device_age_seconds,distinct_cards_24h,0.0742964196515
device_age_seconds,distinct_cards_7d,0.416675927523
device_age_seconds,distinct_bins_5m,0.0339857847373
device_age_seconds,distinct_bins_24h,0.130456451105
device_age_seconds,prior_decline_streak,0.141519248624
device_age_seconds,prior_decline_ratio_5m,-0.112057183613
device_age_seconds,prior_decline_ratio_24h,0.0189324927039
device_age_seconds,seconds_since_previous_authorization,0.549533497356
device_age_seconds,session_age_seconds,0.254716970659
device_age_seconds,seconds_since_previous_session,0.882088707498
device_age_seconds,sessions_24h,0.112094526499
device_age_seconds,sessions_7d,0.926326868698
device_age_seconds,ip_changes_24h,0.167748595143
device_age_seconds,devices_per_ip_5m,0.00263690352989
device_age_seconds,requests_per_ip_5m,-0.115356009505
device_age_seconds,same_card_retry_ratio_24h,-0.0225980134974
device_age_seconds,near_minimum_ratio_24h,0.0336095293031
device_age_seconds,prior_successful_checkouts,0.340923879163
device_age_seconds,seconds_since_successful_checkout,0.358393656914
device_age_seconds,prior_attempts_14d,0.479357785967
device_age_seconds,distinct_cards_14d,0.420606622441
device_age_seconds,ip_rotation_ratio_24h,0.00153206777349
session_age_seconds,sessions_24h,-0.0551132707029
session_age_seconds,sessions_7d,0.267253313757
seconds_since_previous_session,session_age_seconds,0.209056720469
seconds_since_previous_session,sessions_24h,0.0889290252414
seconds_since_previous_session,sessions_7d,0.807563177875
seconds_since_previous_session,seconds_since_successful_checkout,0.460141577407
sessions_24h,sessions_7d,0.242694564377
ip_changes_24h,prior_attempts_5m,0.586500240597
ip_changes_24h,prior_attempts_1h,0.607362393631
ip_changes_24h,prior_attempts_24h,0.72657514576
ip_changes_24h,prior_attempts_7d,0.632514407492
ip_changes_24h,prospective_requests_10s,0.437802100364
ip_changes_24h,prospective_requests_60s,0.550483560299
ip_changes_24h,prior_decline_streak,0.205727448459
ip_changes_24h,prior_decline_ratio_5m,0.139942905512
ip_changes_24h,prior_decline_ratio_24h,0.133004029067
ip_changes_24h,seconds_since_previous_authorization,0.198496046664
ip_changes_24h,session_age_seconds,0.0108382900912
ip_changes_24h,seconds_since_previous_session,0.187727420935
ip_changes_24h,sessions_24h,0.124500879867
ip_changes_24h,sessions_7d,0.230591634542
ip_changes_24h,requests_per_ip_5m,0.0782402411079
ip_changes_24h,same_card_retry_ratio_24h,-0.0741178103169
ip_changes_24h,near_minimum_ratio_24h,0.128455983835
ip_changes_24h,prior_successful_checkouts,0.0631180990341
ip_changes_24h,seconds_since_successful_checkout,0.0578622368994
ip_changes_24h,prior_attempts_14d,0.630328494933
ip_changes_24h,ip_rotation_ratio_24h,0.652129988007
devices_per_ip_5m,prior_attempts_5m,-0.00765943864383
devices_per_ip_5m,prior_attempts_1h,-0.0089783720742
devices_per_ip_5m,prior_attempts_24h,-0.00876620389039
devices_per_ip_5m,prior_attempts_7d,-0.00696656369487
devices_per_ip_5m,prospective_requests_10s,-0.000202159996243
devices_per_ip_5m,prospective_requests_60s,-0.00225466526791
devices_per_ip_5m,distinct_cards_5m,-0.0109981529794
devices_per_ip_5m,distinct_cards_1h,-0.0109738534641
devices_per_ip_5m,distinct_cards_24h,-0.0114966159814
devices_per_ip_5m,distinct_cards_7d,-0.0110721890281
devices_per_ip_5m,distinct_bins_5m,-0.0164870522133
devices_per_ip_5m,distinct_bins_24h,-0.0170139659701
devices_per_ip_5m,prior_decline_streak,-0.0135017563107
devices_per_ip_5m,prior_decline_ratio_5m,-0.00491130559184
devices_per_ip_5m,prior_decline_ratio_24h,-0.00257903799294
devices_per_ip_5m,seconds_since_previous_authorization,0.00102865923697
devices_per_ip_5m,session_age_seconds,0.0068183708504
devices_per_ip_5m,seconds_since_previous_session,0.00417776485844
devices_per_ip_5m,sessions_24h,0.00916329126768
devices_per_ip_5m,sessions_7d,0.00495813284736
devices_per_ip_5m,ip_changes_24h,-0.00786218922933
devices_per_ip_5m,requests_per_ip_5m,0.0519206281427
devices_per_ip_5m,same_card_retry_ratio_24h,0.00070942758257
devices_per_ip_5m,near_minimum_ratio_24h,-0.00246269091111
devices_per_ip_5m,prior_successful_checkouts,-0.00586863836693
devices_per_ip_5m,seconds_since_successful_checkout,-0.00733926415807
devices_per_ip_5m,prior_attempts_14d,-0.00706394679344
devices_per_ip_5m,distinct_cards_14d,-0.0110960826134
devices_per_ip_5m,ip_rotation_ratio_24h,-0.0435581152176
requests_per_ip_5m,seconds_since_previous_authorization,-0.207241899357
requests_per_ip_5m,session_age_seconds,-0.0133550861971
requests_per_ip_5m,seconds_since_previous_session,-0.0909656166414
requests_per_ip_5m,sessions_24h,-0.0760280090958
requests_per_ip_5m,sessions_7d,-0.12001807138
requests_per_ip_5m,same_card_retry_ratio_24h,0.271635744711
requests_per_ip_5m,seconds_since_successful_checkout,-0.0908531199237
same_card_retry_ratio_24h,seconds_since_previous_authorization,-0.131205679282
same_card_retry_ratio_24h,session_age_seconds,0.196602774975
same_card_retry_ratio_24h,seconds_since_previous_session,-0.0274869603193
same_card_retry_ratio_24h,sessions_24h,0.102033842128
same_card_retry_ratio_24h,sessions_7d,-0.00471427808487
same_card_retry_ratio_24h,seconds_since_successful_checkout,-0.0325506822637
card_switches_after_decline_24h,prior_attempts_5m,0.67852448211
card_switches_after_decline_24h,prior_attempts_1h,0.706149008444
card_switches_after_decline_24h,prior_attempts_24h,0.775745715915
card_switches_after_decline_24h,prior_attempts_7d,0.628450105792
card_switches_after_decline_24h,prospective_requests_10s,0.460015637645
card_switches_after_decline_24h,prospective_requests_60s,0.60091182334
card_switches_after_decline_24h,distinct_cards_5m,0.737907777033
card_switches_after_decline_24h,distinct_cards_1h,0.754663728687
card_switches_after_decline_24h,distinct_cards_24h,0.813302554684
card_switches_after_decline_24h,distinct_cards_7d,0.663563201029
card_switches_after_decline_24h,distinct_bins_5m,0.641777929688
card_switches_after_decline_24h,distinct_bins_24h,0.692471471479
card_switches_after_decline_24h,cross_session_cards_24h,0.358976688428
card_switches_after_decline_24h,cross_session_cards_7d,0.281493340338
card_switches_after_decline_24h,prior_decline_streak,0.331544372702
card_switches_after_decline_24h,prior_decline_ratio_5m,0.325123223064
card_switches_after_decline_24h,prior_decline_ratio_24h,0.314438380512
card_switches_after_decline_24h,seconds_since_previous_authorization,-0.11051775695
card_switches_after_decline_24h,device_age_seconds,0.00724397399158
card_switches_after_decline_24h,session_age_seconds,0.0763013299692
card_switches_after_decline_24h,seconds_since_previous_session,0.0174996738154
card_switches_after_decline_24h,sessions_24h,0.0260454578191
card_switches_after_decline_24h,sessions_7d,0.0473629681534
card_switches_after_decline_24h,ip_changes_24h,0.625707935332
card_switches_after_decline_24h,devices_per_ip_5m,-0.0101277291088
card_switches_after_decline_24h,requests_per_ip_5m,0.372041945423
card_switches_after_decline_24h,same_card_retry_ratio_24h,-0.0615100081414
card_switches_after_decline_24h,current_amount,-0.061385493923
card_switches_after_decline_24h,near_minimum_ratio_24h,0.151866542155
card_switches_after_decline_24h,prior_successful_checkouts,-0.0775204315203
card_switches_after_decline_24h,seconds_since_successful_checkout,-0.0781775532345
card_switches_after_decline_24h,prior_attempts_14d,0.625178682518
card_switches_after_decline_24h,distinct_cards_14d,0.66257274885
card_switches_after_decline_24h,ip_rotation_ratio_24h,0.520436851857
card_switches_after_decline_24h,checkout_completion_lag_seconds,-0.0749362726399
card_switches_after_decline_24h,checkout_completion_lag_available,-0.0813469154165
current_amount,prior_attempts_5m,-0.0792015901544
current_amount,prior_attempts_1h,-0.0891695947342
current_amount,prior_attempts_24h,-0.0884721944219
current_amount,prior_attempts_7d,-0.0866248772899
current_amount,prospective_requests_10s,-0.0649572594868
current_amount,prospective_requests_60s,-0.0700074984668
current_amount,distinct_cards_5m,-0.0718668945412
current_amount,distinct_cards_1h,-0.0797062771958
current_amount,distinct_cards_24h,-0.0797119901093
current_amount,distinct_cards_7d,-0.0836371057024
current_amount,distinct_bins_5m,-0.0626539875439
current_amount,distinct_bins_24h,-0.0666883960796
current_amount,prior_decline_streak,-0.0330806903389
current_amount,prior_decline_ratio_5m,-0.0238968239407
current_amount,prior_decline_ratio_24h,-0.0364125589484
current_amount,seconds_since_previous_authorization,0.00894384169771
current_amount,device_age_seconds,-0.0240879978765
current_amount,session_age_seconds,-0.0467040993685
current_amount,seconds_since_previous_session,-0.0150477460595
current_amount,sessions_24h,-0.00365898215569
current_amount,sessions_7d,-0.0221332330134
current_amount,ip_changes_24h,-0.0657761314972
current_amount,devices_per_ip_5m,0.0126929812944
current_amount,requests_per_ip_5m,-0.0516630342515
current_amount,same_card_retry_ratio_24h,-0.0152758402473
current_amount,near_minimum_ratio_24h,-0.0480783411123
current_amount,prior_successful_checkouts,0.0353110372445
current_amount,seconds_since_successful_checkout,0.0358977979371
current_amount,prior_attempts_14d,-0.0867113638516
current_amount,distinct_cards_14d,-0.0835625997638
current_amount,ip_rotation_ratio_24h,-0.0609705490301
amount_delta_from_previous,prior_attempts_5m,-0.00249428661425
amount_delta_from_previous,prior_attempts_1h,-0.00436069745532
amount_delta_from_previous,prior_attempts_24h,-0.00835979584644
amount_delta_from_previous,prior_attempts_7d,-0.00568578181213
amount_delta_from_previous,prospective_requests_10s,0.0024214548553
amount_delta_from_previous,prospective_requests_60s,0.00029213999021
amount_delta_from_previous,distinct_cards_5m,0.00254498887791
amount_delta_from_previous,distinct_cards_1h,-0.000593395908755
amount_delta_from_previous,distinct_cards_24h,-0.00557910184249
amount_delta_from_previous,distinct_cards_7d,-0.0044846402825
amount_delta_from_previous,distinct_bins_5m,0.00311079199519
amount_delta_from_previous,distinct_bins_24h,-0.00304984251302
amount_delta_from_previous,cross_session_cards_24h,-0.0137060761535
amount_delta_from_previous,cross_session_cards_7d,-0.00413924398215
amount_delta_from_previous,prior_decline_streak,0.00363319642416
amount_delta_from_previous,prior_decline_ratio_5m,-0.000587632027222
amount_delta_from_previous,prior_decline_ratio_24h,-0.00842409852413
amount_delta_from_previous,attempts_before_first_approval,-0.00136952518574
amount_delta_from_previous,attempts_after_first_approval,-0.00589915527143
amount_delta_from_previous,seconds_since_previous_authorization,0.00658617314567
amount_delta_from_previous,device_age_seconds,0.000909796129058
amount_delta_from_previous,session_age_seconds,-0.0102320189127
amount_delta_from_previous,seconds_since_previous_session,0.0074177150956
amount_delta_from_previous,sessions_24h,-0.0132692141582
amount_delta_from_previous,sessions_7d,-0.00158611363762
amount_delta_from_previous,ip_changes_24h,-0.0137584169048
amount_delta_from_previous,devices_per_ip_5m,0.00438471715866
amount_delta_from_previous,requests_per_ip_5m,0.00635202519003
amount_delta_from_previous,same_card_retry_ratio_24h,-0.00359675222447
amount_delta_from_previous,card_switches_after_decline_24h,-0.00492720405509
amount_delta_from_previous,current_amount,0.535750794008
amount_delta_from_previous,amount_variation_24h,-0.157771000994
amount_delta_from_previous,near_minimum_ratio_24h,0.10824761173
amount_delta_from_previous,prior_successful_checkouts,0.00164317723641
amount_delta_from_previous,seconds_since_successful_checkout,0.00387625460011
amount_delta_from_previous,campaign_active,-0.00665261158677
amount_delta_from_previous,prior_attempts_14d,-0.00545794654554
amount_delta_from_previous,distinct_cards_14d,-0.00433177959443
amount_delta_from_previous,ip_rotation_ratio_24h,-0.00985232929866
amount_delta_from_previous,checkout_completion_lag_seconds,0.00371088003279
amount_delta_from_previous,checkout_completion_lag_available,0.00247367763342
amount_variation_24h,prior_attempts_5m,0.596780549399
amount_variation_24h,prior_attempts_1h,0.649930886764
amount_variation_24h,prior_attempts_24h,0.674496538144
amount_variation_24h,prior_attempts_7d,0.523255211745
amount_variation_24h,prospective_requests_10s,0.423878584092
amount_variation_24h,prospective_requests_60s,0.495142150446
amount_variation_24h,distinct_cards_5m,0.528349028141
amount_variation_24h,distinct_cards_1h,0.551706980218
amount_variation_24h,distinct_cards_24h,0.572936429075
amount_variation_24h,distinct_cards_7d,0.453142128755
amount_variation_24h,distinct_bins_5m,0.447836688854
amount_variation_24h,distinct_bins_24h,0.482364734997
amount_variation_24h,cross_session_cards_24h,0.191933871237
amount_variation_24h,cross_session_cards_7d,0.158899086255
amount_variation_24h,prior_decline_streak,0.276269998008
amount_variation_24h,prior_decline_ratio_5m,0.316100974684
amount_variation_24h,prior_decline_ratio_24h,0.319778486027
amount_variation_24h,attempts_before_first_approval,0.27995904726
amount_variation_24h,attempts_after_first_approval,0.443485493844
amount_variation_24h,seconds_since_previous_authorization,-0.140403940976
amount_variation_24h,device_age_seconds,-0.0115997285903
amount_variation_24h,session_age_seconds,0.19375817643
amount_variation_24h,seconds_since_previous_session,-0.00816868989967
amount_variation_24h,sessions_24h,0.0380027481618
amount_variation_24h,sessions_7d,0.0271086149028
amount_variation_24h,ip_changes_24h,0.435871517473
amount_variation_24h,devices_per_ip_5m,-0.00507154121349
amount_variation_24h,requests_per_ip_5m,0.457801665184
amount_variation_24h,same_card_retry_ratio_24h,0.0913715595157
amount_variation_24h,card_switches_after_decline_24h,0.485569257572
amount_variation_24h,current_amount,-0.0729086436702
amount_variation_24h,near_minimum_ratio_24h,0.179102283282
amount_variation_24h,prior_successful_checkouts,-0.0908172485668
amount_variation_24h,seconds_since_successful_checkout,-0.0989595656027
amount_variation_24h,campaign_active,-0.139954022699
amount_variation_24h,prior_attempts_14d,0.520409081411
amount_variation_24h,distinct_cards_14d,0.452318836695
amount_variation_24h,ip_rotation_ratio_24h,0.401001785863
amount_variation_24h,checkout_completion_lag_seconds,-0.09140922003
amount_variation_24h,checkout_completion_lag_available,-0.0973351293204
near_minimum_ratio_24h,prior_attempts_5m,0.209718687621
near_minimum_ratio_24h,prior_attempts_1h,0.235516988548
near_minimum_ratio_24h,prior_attempts_24h,0.238790068562
near_minimum_ratio_24h,prior_attempts_7d,0.208131894754
near_minimum_ratio_24h,prospective_requests_10s,0.171584631952
near_minimum_ratio_24h,prospective_requests_60s,0.183361482727
near_minimum_ratio_24h,prior_decline_streak,0.112594703149
near_minimum_ratio_24h,prior_decline_ratio_5m,0.128228932744
near_minimum_ratio_24h,prior_decline_ratio_24h,0.162433323561
near_minimum_ratio_24h,seconds_since_previous_authorization,-0.0751748733436
near_minimum_ratio_24h,session_age_seconds,0.135728510529
near_minimum_ratio_24h,seconds_since_previous_session,0.0242324905378
near_minimum_ratio_24h,sessions_24h,0.0066192564023
near_minimum_ratio_24h,sessions_7d,0.0438369914151
near_minimum_ratio_24h,requests_per_ip_5m,0.180384139218
near_minimum_ratio_24h,same_card_retry_ratio_24h,0.106134285977
near_minimum_ratio_24h,prior_successful_checkouts,-0.0632325542222
near_minimum_ratio_24h,seconds_since_successful_checkout,-0.0592390382082
near_minimum_ratio_24h,prior_attempts_14d,0.207619861425
prior_successful_checkouts,prospective_requests_10s,-0.0991814004826
prior_successful_checkouts,prospective_requests_60s,-0.101329564754
prior_successful_checkouts,seconds_since_previous_authorization,0.484018783461
prior_successful_checkouts,session_age_seconds,-0.0883323069741
prior_successful_checkouts,seconds_since_previous_session,0.394861341274
prior_successful_checkouts,sessions_24h,0.231263757604
prior_successful_checkouts,sessions_7d,0.37277934972
prior_successful_checkouts,requests_per_ip_5m,-0.0950571049118
prior_successful_checkouts,same_card_retry_ratio_24h,-0.00625077694325
prior_successful_checkouts,seconds_since_successful_checkout,0.863255076041
seconds_since_successful_checkout,session_age_seconds,-0.0837170237469
seconds_since_successful_checkout,sessions_24h,0.0981568402369
seconds_since_successful_checkout,sessions_7d,0.329706024286
campaign_active,prior_attempts_5m,-0.109551277826
campaign_active,prior_attempts_1h,-0.133718178721
campaign_active,prior_attempts_24h,-0.136495665041
campaign_active,prior_attempts_7d,-0.143165364204
campaign_active,prospective_requests_10s,-0.103799135582
campaign_active,prospective_requests_60s,-0.108172694328
campaign_active,distinct_cards_5m,-0.128113541601
campaign_active,distinct_cards_1h,-0.143581353725
campaign_active,distinct_cards_24h,-0.145765501388
campaign_active,distinct_cards_7d,-0.149117631164
campaign_active,distinct_bins_5m,-0.110708285289
campaign_active,distinct_bins_24h,-0.126056212756
campaign_active,cross_session_cards_24h,-0.0400407803445
campaign_active,cross_session_cards_7d,-0.087861889276
campaign_active,prior_decline_streak,-0.0248774834253
campaign_active,prior_decline_ratio_5m,0.034763778923
campaign_active,prior_decline_ratio_24h,0.0080860700915
campaign_active,seconds_since_previous_authorization,-0.00503190781159
campaign_active,device_age_seconds,-0.0621196460938
campaign_active,session_age_seconds,-0.0900686895663
campaign_active,seconds_since_previous_session,-0.0499757024483
campaign_active,sessions_24h,0.00329275886766
campaign_active,sessions_7d,-0.0642814986145
campaign_active,ip_changes_24h,-0.108997805816
campaign_active,devices_per_ip_5m,0.0239064457428
campaign_active,requests_per_ip_5m,-0.0615509337017
campaign_active,same_card_retry_ratio_24h,0.0575599127386
campaign_active,card_switches_after_decline_24h,-0.109614376923
campaign_active,current_amount,0.0279299389029
campaign_active,near_minimum_ratio_24h,-0.072526167104
campaign_active,prior_successful_checkouts,0.0677871062845
campaign_active,seconds_since_successful_checkout,0.0614624087403
campaign_active,prior_attempts_14d,-0.143339809732
campaign_active,distinct_cards_14d,-0.149248823696
campaign_active,ip_rotation_ratio_24h,-0.26377368246
campaign_active,checkout_completion_lag_seconds,0.068532409709
campaign_active,checkout_completion_lag_available,0.0732447934533
prior_attempts_14d,prior_attempts_5m,0.640243757405
prior_attempts_14d,prior_attempts_1h,0.693470574111
prior_attempts_14d,prior_attempts_24h,0.756068782003
prior_attempts_14d,prior_attempts_7d,0.999051467941
prior_attempts_14d,prospective_requests_10s,0.435240979365
prior_attempts_14d,prospective_requests_60s,0.548489719041
prior_attempts_14d,prior_decline_streak,0.353113865117
prior_attempts_14d,prior_decline_ratio_5m,0.304696626895
prior_attempts_14d,prior_decline_ratio_24h,0.343721083695
prior_attempts_14d,seconds_since_previous_authorization,0.0341403088874
prior_attempts_14d,session_age_seconds,0.237525872813
prior_attempts_14d,seconds_since_previous_session,0.454725777665
prior_attempts_14d,sessions_24h,0.0363340944767
prior_attempts_14d,sessions_7d,0.510010961994
prior_attempts_14d,requests_per_ip_5m,0.403833958403
prior_attempts_14d,same_card_retry_ratio_24h,0.0567756212473
prior_attempts_14d,prior_successful_checkouts,-0.0230217745563
prior_attempts_14d,seconds_since_successful_checkout,-0.0290122189272
distinct_cards_14d,prior_attempts_5m,0.572648495513
distinct_cards_14d,prior_attempts_1h,0.618238436869
distinct_cards_14d,prior_attempts_24h,0.675445517035
distinct_cards_14d,prior_attempts_7d,0.904826134618
distinct_cards_14d,prospective_requests_10s,0.403112807263
distinct_cards_14d,prospective_requests_60s,0.500676670573
distinct_cards_14d,distinct_cards_5m,0.734116809427
distinct_cards_14d,distinct_cards_1h,0.789063380153
distinct_cards_14d,distinct_cards_24h,0.836359407238
distinct_cards_14d,distinct_cards_7d,0.999751157079
distinct_cards_14d,prior_decline_streak,0.310060748395
distinct_cards_14d,prior_decline_ratio_5m,0.25363457696
distinct_cards_14d,prior_decline_ratio_24h,0.281678438911
distinct_cards_14d,seconds_since_previous_authorization,0.0200452129641
distinct_cards_14d,session_age_seconds,0.198234842807
distinct_cards_14d,seconds_since_previous_session,0.39511328841
distinct_cards_14d,sessions_24h,0.0276272959465
distinct_cards_14d,sessions_7d,0.450692887411
distinct_cards_14d,ip_changes_24h,0.567873322709
distinct_cards_14d,requests_per_ip_5m,0.353111530443
distinct_cards_14d,same_card_retry_ratio_24h,-0.137403383023
distinct_cards_14d,near_minimum_ratio_24h,0.18618756866
distinct_cards_14d,prior_successful_checkouts,-0.0410497673966
distinct_cards_14d,seconds_since_successful_checkout,-0.045247807066
distinct_cards_14d,prior_attempts_14d,0.905045939579
distinct_cards_14d,ip_rotation_ratio_24h,0.456771808871
amount_continuity_score_30d,prior_attempts_5m,0.00454013860003
amount_continuity_score_30d,prior_attempts_1h,0.00485171144514
amount_continuity_score_30d,prior_attempts_24h,0.00470827082328
amount_continuity_score_30d,prior_attempts_7d,-0.00211464123291
amount_continuity_score_30d,prospective_requests_10s,0.012724694066
amount_continuity_score_30d,prospective_requests_60s,0.00592358569895
amount_continuity_score_30d,distinct_cards_5m,0.0111931823909
amount_continuity_score_30d,distinct_cards_1h,0.0125545223068
amount_continuity_score_30d,distinct_cards_24h,0.0117002261416
amount_continuity_score_30d,distinct_cards_7d,0.00542515307854
amount_continuity_score_30d,distinct_bins_5m,0.00848763870489
amount_continuity_score_30d,distinct_bins_24h,0.0111419184158
amount_continuity_score_30d,cross_session_cards_24h,-0.000322447565009
amount_continuity_score_30d,cross_session_cards_7d,-0.00531487261673
amount_continuity_score_30d,prior_decline_streak,0.00693929080547
amount_continuity_score_30d,prior_decline_ratio_5m,0.0139062012817
amount_continuity_score_30d,prior_decline_ratio_24h,0.018566459065
amount_continuity_score_30d,attempts_before_first_approval,0.00661468398347
amount_continuity_score_30d,attempts_after_first_approval,-0.00662395097452
amount_continuity_score_30d,seconds_since_previous_authorization,-0.00986966812821
amount_continuity_score_30d,device_age_seconds,-0.00766034919462
amount_continuity_score_30d,session_age_seconds,0.00786611516927
amount_continuity_score_30d,seconds_since_previous_session,-0.00994466968626
amount_continuity_score_30d,sessions_24h,0.0105322052729
amount_continuity_score_30d,sessions_7d,-0.00476230354343
amount_continuity_score_30d,ip_changes_24h,-0.00934042882651
amount_continuity_score_30d,devices_per_ip_5m,0.00234935675179
amount_continuity_score_30d,requests_per_ip_5m,0.0236047553799
amount_continuity_score_30d,same_card_retry_ratio_24h,0.00231072731349
amount_continuity_score_30d,card_switches_after_decline_24h,0.00208826284138
amount_continuity_score_30d,current_amount,0.0586175941848
amount_continuity_score_30d,amount_delta_from_previous,0.0831105750049
amount_continuity_score_30d,amount_variation_24h,-0.0131582067991
amount_continuity_score_30d,near_minimum_ratio_24h,0.0135687109686
amount_continuity_score_30d,prior_successful_checkouts,-0.00755734866837
amount_continuity_score_30d,seconds_since_successful_checkout,-0.00814572041038
amount_continuity_score_30d,campaign_active,-0.000507081597153
amount_continuity_score_30d,prior_attempts_14d,-0.00216117522674
amount_continuity_score_30d,distinct_cards_14d,0.00540466421753
amount_continuity_score_30d,ip_rotation_ratio_24h,0.00107513525835
amount_continuity_score_30d,checkout_completion_lag_seconds,-0.00446958133566
amount_continuity_score_30d,checkout_completion_lag_available,-0.00806329376019
amount_continuity_history_available,prior_attempts_5m,0.578428848244
amount_continuity_history_available,prior_attempts_1h,0.652097147858
amount_continuity_history_available,prior_attempts_24h,0.669830775779
amount_continuity_history_available,prior_attempts_7d,0.698237989798
amount_continuity_history_available,prospective_requests_10s,0.415175888624
amount_continuity_history_available,prospective_requests_60s,0.464274505416
amount_continuity_history_available,distinct_cards_5m,0.523791062001
amount_continuity_history_available,distinct_cards_1h,0.576676158053
amount_continuity_history_available,distinct_cards_24h,0.588684549218
amount_continuity_history_available,distinct_cards_7d,0.612542970805
amount_continuity_history_available,distinct_bins_5m,0.447326421433
amount_continuity_history_available,distinct_bins_24h,0.503486903361
amount_continuity_history_available,cross_session_cards_24h,0.171371412383
amount_continuity_history_available,cross_session_cards_7d,0.376069230335
amount_continuity_history_available,prior_decline_streak,0.4271207427
amount_continuity_history_available,prior_decline_ratio_5m,0.353234531778
amount_continuity_history_available,prior_decline_ratio_24h,0.428273458655
amount_continuity_history_available,attempts_before_first_approval,0.434249865492
amount_continuity_history_available,attempts_after_first_approval,0.557289527749
amount_continuity_history_available,seconds_since_previous_authorization,0.0956055368642
amount_continuity_history_available,device_age_seconds,0.381538811374
amount_continuity_history_available,session_age_seconds,0.354748409472
amount_continuity_history_available,seconds_since_previous_session,0.363483341419
amount_continuity_history_available,sessions_24h,0.0556871698405
amount_continuity_history_available,sessions_7d,0.405058799038
amount_continuity_history_available,ip_changes_24h,0.458805112634
amount_continuity_history_available,devices_per_ip_5m,-0.00170595136781
amount_continuity_history_available,requests_per_ip_5m,0.509503621653
amount_continuity_history_available,same_card_retry_ratio_24h,0.165374486052
amount_continuity_history_available,card_switches_after_decline_24h,0.452111035082
amount_continuity_history_available,current_amount,-0.0923760575185
amount_continuity_history_available,amount_delta_from_previous,-0.00245759637729
amount_continuity_history_available,amount_variation_24h,0.605645006921
amount_continuity_history_available,near_minimum_ratio_24h,0.227791044399
amount_continuity_history_available,prior_successful_checkouts,0.0377607073327
amount_continuity_history_available,seconds_since_successful_checkout,0.0191162193229
amount_continuity_history_available,campaign_active,-0.195379780047
amount_continuity_history_available,prior_attempts_14d,0.698987441804
amount_continuity_history_available,distinct_cards_14d,0.612837653502
amount_continuity_history_available,amount_continuity_score_30d,0.0258491740451
amount_continuity_history_available,ip_rotation_ratio_24h,0.380271062744
amount_continuity_history_available,checkout_completion_lag_seconds,0.0138518693601
amount_continuity_history_available,checkout_completion_lag_available,0.011251351145
ip_rotation_ratio_24h,prior_attempts_5m,0.528722802649
ip_rotation_ratio_24h,prior_attempts_1h,0.559156846389
ip_rotation_ratio_24h,prior_attempts_24h,0.624090449327
ip_rotation_ratio_24h,prior_attempts_7d,0.489266578004
ip_rotation_ratio_24h,prospective_requests_10s,0.403008220157
ip_rotation_ratio_24h,prospective_requests_60s,0.488701574452
ip_rotation_ratio_24h,prior_decline_streak,0.153166278582
ip_rotation_ratio_24h,prior_decline_ratio_5m,0.137053604527
ip_rotation_ratio_24h,prior_decline_ratio_24h,0.127883124206
ip_rotation_ratio_24h,seconds_since_previous_authorization,-0.0597850866128
ip_rotation_ratio_24h,session_age_seconds,0.055251306753
ip_rotation_ratio_24h,seconds_since_previous_session,0.00713495427026
ip_rotation_ratio_24h,sessions_24h,0.0634440148148
ip_rotation_ratio_24h,sessions_7d,0.0418412051783
ip_rotation_ratio_24h,requests_per_ip_5m,0.127796862292
ip_rotation_ratio_24h,same_card_retry_ratio_24h,-0.049483452637
ip_rotation_ratio_24h,near_minimum_ratio_24h,0.129018817509
ip_rotation_ratio_24h,prior_successful_checkouts,-0.0690296250452
ip_rotation_ratio_24h,seconds_since_successful_checkout,-0.072628923658
ip_rotation_ratio_24h,prior_attempts_14d,0.486710564212
checkout_completion_lag_seconds,prior_attempts_5m,-0.109581032309
checkout_completion_lag_seconds,prior_attempts_1h,-0.128221234243
checkout_completion_lag_seconds,prior_attempts_24h,-0.105444603331
checkout_completion_lag_seconds,prior_attempts_7d,-0.028634539622
checkout_completion_lag_seconds,prospective_requests_10s,-0.0943620640783
checkout_completion_lag_seconds,prospective_requests_60s,-0.096489688738
checkout_completion_lag_seconds,distinct_cards_5m,-0.0929274659176
checkout_completion_lag_seconds,distinct_cards_1h,-0.106844741184
checkout_completion_lag_seconds,distinct_cards_24h,-0.0922786717892
checkout_completion_lag_seconds,distinct_cards_7d,-0.0456698856006
checkout_completion_lag_seconds,distinct_bins_5m,-0.0793497123051
checkout_completion_lag_seconds,distinct_bins_24h,-0.080285907747
checkout_completion_lag_seconds,cross_session_cards_24h,0.0190456221409
checkout_completion_lag_seconds,cross_session_cards_7d,0.0374758968472
checkout_completion_lag_seconds,prior_decline_streak,-0.0573493937147
checkout_completion_lag_seconds,prior_decline_ratio_5m,-0.0368729202818
checkout_completion_lag_seconds,prior_decline_ratio_24h,-0.059830015389
checkout_completion_lag_seconds,seconds_since_previous_authorization,0.459445726042
checkout_completion_lag_seconds,device_age_seconds,0.297393882339
checkout_completion_lag_seconds,session_age_seconds,-0.0843616462148
checkout_completion_lag_seconds,seconds_since_previous_session,0.379274436895
checkout_completion_lag_seconds,sessions_24h,0.222950286918
checkout_completion_lag_seconds,sessions_7d,0.326454684997
checkout_completion_lag_seconds,ip_changes_24h,0.056942892041
checkout_completion_lag_seconds,devices_per_ip_5m,-0.00637351481593
checkout_completion_lag_seconds,requests_per_ip_5m,-0.0893734930847
checkout_completion_lag_seconds,same_card_retry_ratio_24h,0.00401208984841
checkout_completion_lag_seconds,current_amount,0.0316359218962
checkout_completion_lag_seconds,near_minimum_ratio_24h,-0.0593128634399
checkout_completion_lag_seconds,prior_successful_checkouts,0.881908649663
checkout_completion_lag_seconds,seconds_since_successful_checkout,0.831320373389
checkout_completion_lag_seconds,prior_attempts_14d,-0.0292042133742
checkout_completion_lag_seconds,distinct_cards_14d,-0.0458171937793
checkout_completion_lag_seconds,ip_rotation_ratio_24h,-0.0677542689699
checkout_completion_lag_available,prior_attempts_5m,-0.120110558326
checkout_completion_lag_available,prior_attempts_1h,-0.140371636613
checkout_completion_lag_available,prior_attempts_24h,-0.115062101434
checkout_completion_lag_available,prior_attempts_7d,-0.0328349943976
checkout_completion_lag_available,prospective_requests_10s,-0.102994209461
checkout_completion_lag_available,prospective_requests_60s,-0.105623945595
checkout_completion_lag_available,distinct_cards_5m,-0.100844658327
checkout_completion_lag_available,distinct_cards_1h,-0.11603028071
checkout_completion_lag_available,distinct_cards_24h,-0.099837206285
checkout_completion_lag_available,distinct_cards_7d,-0.0511686317084
checkout_completion_lag_available,distinct_bins_5m,-0.0852301463558
checkout_completion_lag_available,distinct_bins_24h,-0.0859942614911
checkout_completion_lag_available,cross_session_cards_24h,0.0223397083463
checkout_completion_lag_available,cross_session_cards_7d,0.0387305080464
checkout_completion_lag_available,prior_decline_streak,-0.0640570720231
checkout_completion_lag_available,prior_decline_ratio_5m,-0.0429374776245
checkout_completion_lag_available,prior_decline_ratio_24h,-0.0682311198624
checkout_completion_lag_available,seconds_since_previous_authorization,0.505978567234
checkout_completion_lag_available,device_age_seconds,0.324200284702
checkout_completion_lag_available,session_age_seconds,-0.0920109417454
checkout_completion_lag_available,seconds_since_previous_session,0.414934547894
checkout_completion_lag_available,sessions_24h,0.240692644963
checkout_completion_lag_available,sessions_7d,0.35478018993
checkout_completion_lag_available,ip_changes_24h,0.0642466701576
checkout_completion_lag_available,devices_per_ip_5m,-0.00561237890769
checkout_completion_lag_available,requests_per_ip_5m,-0.0987522736429
checkout_completion_lag_available,same_card_retry_ratio_24h,-0.00308704477739
checkout_completion_lag_available,current_amount,0.0368077878169
checkout_completion_lag_available,near_minimum_ratio_24h,-0.064879547433
checkout_completion_lag_available,prior_successful_checkouts,0.958117203455
checkout_completion_lag_available,seconds_since_successful_checkout,0.909314814705
checkout_completion_lag_available,prior_attempts_14d,-0.033449816261
checkout_completion_lag_available,distinct_cards_14d,-0.0513276327384
checkout_completion_lag_available,ip_rotation_ratio_24h,-0.0733884004966
checkout_completion_lag_available,checkout_completion_lag_seconds,0.917911442747
